id,first_name,last_name,email,systolic_bp,age,diastolic_bp
1,Mollie,Gehring,mgehring0@weather.com,147,30,73
2,Noe,Kornyakov,nkornyakov1@oracle.com,103,35,61
3,Rem,Gibberd,rgibberd2@smh.com.au,143,46,81
4,Ketti,Ferres,kferres3@hugedomains.com,102,56,90
5,Dannye,Jura,djura4@wordpress.com,154,23,65
6,Cris,Aymes,caymes5@cornell.edu,177,56,73
7,Siouxie,Littler,slittler6@php.net,103,23,80
8,Corrina,Dahmel,cdahmel7@berkeley.edu,129,67,80
9,Daryl,Bickersteth,dbickersteth8@booking.com,142,58,71
10,Worthington,Eckery,weckery9@deliciousdays.com,109,39,75
11,Norbert,Eagers,neagersa@skype.com,112,25,88
12,Lonee,Durbyn,ldurbynb@mlb.com,180,70,74
13,Gian,Scammonden,gscammondenc@behance.net,162,23,88
14,Harmony,Ucchino,hucchinod@deviantart.com,163,44,88
15,Irving,Chainey,ichaineye@nhs.uk,175,63,78
16,Win,Orknay,worknayf@exblog.jp,164,28,84
17,Aliza,Sandyfirth,asandyfirthg@4shared.com,139,79,87
18,Elberta,Southwood,esouthwoodh@amazon.co.jp,157,42,68
19,Colene,Uff,cuffi@cafepress.com,177,29,61
20,Derron,Roskelly,droskellyj@mapquest.com,147,60,74
21,Mikey,Rushby,mrushbyk@goodreads.com,123,53,81
22,Poul,Nightingale,pnightingalel@google.de,133,72,74
23,Nicolais,Bramich,nbramichm@cnet.com,143,62,78
24,Myrwyn,Rego,mregon@columbia.edu,130,71,78
25,Hayward,Going,hgoingo@vkontakte.ru,138,48,86
26,Goraud,Riggulsford,griggulsfordp@state.tx.us,168,25,75
27,Hillyer,Carneck,hcarneckq@slate.com,103,71,78
28,Baxie,Salling,bsallingr@narod.ru,177,22,83
29,Zackariah,Cristofanini,zcristofaninis@google.co.jp,113,59,82
30,Garrard,Leggitt,gleggittt@nature.com,142,43,77
31,Giorgio,Chuck,gchucku@reference.com,116,30,65
32,Stephana,Beslier,sbeslierv@auda.org.au,141,31,66
33,Betsy,Smallthwaite,bsmallthwaitew@wikimedia.org,156,48,82
34,Diena,Findlater,dfindlaterx@baidu.com,129,38,79
35,Erminia,Benettolo,ebenettoloy@bloomberg.com,133,24,66
36,Bel,Philliphs,bphilliphsz@berkeley.edu,133,32,69
37,Harwell,Attenbarrow,hattenbarrow10@ifeng.com,180,30,88
38,Crystal,Hallowes,challowes11@ed.gov,102,65,71
39,Barnabas,Karlolczak,bkarlolczak12@nydailynews.com,120,25,87
40,Solly,Mobius,smobius13@ucsd.edu,128,39,80
41,Erda,McGrirl,emcgrirl14@unicef.org,135,63,64
42,Hamid,Labarre,hlabarre15@gmpg.org,174,27,75
43,Patience,Doerrling,pdoerrling16@miitbeian.gov.cn,152,68,79
44,Coletta,Mattia,cmattia17@dmoz.org,131,20,70
45,Auberon,Tombs,atombs18@shop-pro.jp,144,80,68
46,Corilla,Bariball,cbariball19@ihg.com,166,34,61
47,Hill,Cicchetto,hcicchetto1a@newyorker.com,127,58,64
48,Pauli,Angless,pangless1b@toplist.cz,161,66,62
49,Ker,Fryer,kfryer1c@dyndns.org,180,56,61
50,Madella,Woollacott,mwoollacott1d@eventbrite.com,132,67,84
51,Delbert,Baltrushaitis,dbaltrushaitis1e@desdev.cn,174,61,60
52,Ddene,Pitkaithly,dpitkaithly1f@wikispaces.com,133,55,67
53,Lidia,Gyorffy,lgyorffy1g@typepad.com,137,58,77
54,Jamill,Childerhouse,jchilderhouse1h@exblog.jp,127,78,81
55,Huntley,Ensor,hensor1i@freewebs.com,180,79,86
56,Rafi,Gowrie,rgowrie1j@google.nl,101,21,80
57,Homerus,Boole,hboole1k@blog.com,154,23,67
58,Pennie,Roglieri,proglieri1l@altervista.org,149,40,84
59,Derrek,Leckenby,dleckenby1m@nih.gov,156,65,71
60,Obed,Robertot,orobertot1n@cdc.gov,100,78,79
61,Patrice,Taffley,ptaffley1o@state.tx.us,115,26,81
62,Hester,Raddenbury,hraddenbury1p@oracle.com,100,74,79
63,Eward,Doxey,edoxey1q@sbwire.com,168,36,89
64,Roi,Lempel,rlempel1r@jimdo.com,110,64,83
65,Nat,Cotesford,ncotesford1s@google.cn,116,50,78
66,Verile,Stoner,vstoner1t@ifeng.com,130,56,67
67,Verene,Notley,vnotley1u@ovh.net,156,67,79
68,Freeland,Mowbray,fmowbray1v@vinaora.com,138,34,61
69,Florencia,Pearsall,fpearsall1w@uol.com.br,156,54,67
70,Farr,Ablett,fablett1x@sohu.com,176,36,82
71,Maureene,Fildes,mfildes1y@deviantart.com,100,42,88
72,Isador,Rosenkrantz,irosenkrantz1z@mayoclinic.com,122,59,68
73,Eolande,Ciottoi,eciottoi20@cmu.edu,112,71,65
74,Keven,Allibone,kallibone21@jimdo.com,172,47,90
75,Dallas,Revance,drevance22@ed.gov,118,30,75
76,Esra,Moores,emoores23@time.com,125,42,74
77,Ephrem,Danelut,edanelut24@nature.com,175,61,60
78,Bernetta,Josh,bjosh25@state.tx.us,113,49,77
79,Bertrando,MacConchie,bmacconchie26@uol.com.br,107,23,79
80,Gaye,Crichmere,gcrichmere27@msu.edu,141,58,66
81,Blane,Schulke,bschulke28@sourceforge.net,108,20,67
82,Alice,Leversha,aleversha29@newsvine.com,150,70,79
83,Adorne,Rait,arait2a@nymag.com,169,41,81
84,Beverly,Baly,bbaly2b@barnesandnoble.com,131,30,89
85,Brandea,Southernwood,bsouthernwood2c@bing.com,158,44,87
86,Anstice,Girtin,agirtin2d@intel.com,115,33,64
87,Barry,Fripp,bfripp2e@over-blog.com,140,31,60
88,Kimmi,Minerdo,kminerdo2f@umich.edu,155,38,81
89,Jakob,Gauche,jgauche2g@who.int,152,36,60
90,Rosalinda,Greensides,rgreensides2h@github.com,161,50,77
91,Ker,Leyland,kleyland2i@github.com,144,52,72
92,Marysa,Niemiec,mniemiec2j@nps.gov,177,57,60
93,Angie,Josephsen,ajosephsen2k@constantcontact.com,102,73,84
94,Sephira,Postin,spostin2l@npr.org,106,39,69
95,Rebeca,Gregg,rgregg2m@addtoany.com,129,62,66
96,Auroora,Beament,abeament2n@4shared.com,115,72,61
97,Vassily,Smaile,vsmaile2o@jalbum.net,128,76,88
98,Vinnie,Jensen,vjensen2p@scientificamerican.com,179,21,78
99,Dallas,Gatehouse,dgatehouse2q@g.co,124,65,70
100,Neala,Schapero,nschapero2r@ocn.ne.jp,134,37,71
101,Eugenie,Dilleston,edilleston2s@privacy.gov.au,100,71,87
102,Norine,Bubbins,nbubbins2t@google.fr,154,29,79
103,Nicolis,Beaty,nbeaty2u@hud.gov,113,67,77
104,Ferrel,France,ffrance2v@ibm.com,115,56,73
105,Isaac,Acory,iacory2w@scientificamerican.com,132,66,71
106,Loretta,Grandison,lgrandison2x@dedecms.com,112,39,89
107,Dulcea,Lesurf,dlesurf2y@opera.com,120,66,85
108,Dewey,Blackden,dblackden2z@photobucket.com,137,33,83
109,Waldemar,Feron,wferon30@marriott.com,113,20,65
110,Kevon,Gregine,kgregine31@diigo.com,153,64,83
111,Michelle,Caulfield,mcaulfield32@nyu.edu,118,41,71
112,Leo,Klaves,lklaves33@zdnet.com,164,20,82
113,Kristian,Askaw,kaskaw34@mediafire.com,103,78,74
114,Jonathan,Harvard,jharvard35@chron.com,115,51,87
115,Dave,McLleese,dmclleese36@storify.com,138,21,62
116,Chelsy,Bernier,cbernier37@infoseek.co.jp,110,24,61
117,Tann,Bacher,tbacher38@yellowpages.com,135,56,67
118,Hedwiga,Ranger,hranger39@newyorker.com,117,75,63
119,Vassily,Radloff,vradloff3a@cdc.gov,163,74,72
120,Hall,Valentin,hvalentin3b@java.com,153,44,72
121,Orelle,Newton,onewton3c@slideshare.net,131,45,86
122,Sashenka,Marham,smarham3d@delicious.com,107,62,83
123,Jeffie,Ruffles,jruffles3e@unblog.fr,163,72,86
124,Clemmy,Liddicoat,cliddicoat3f@dot.gov,147,60,80
125,Wilma,Vater,wvater3g@cnbc.com,148,47,64
126,Sayre,Cullingworth,scullingworth3h@rediff.com,156,55,83
127,Gran,Franzetti,gfranzetti3i@newsvine.com,103,38,68
128,Dania,Meany,dmeany3j@ning.com,147,64,72
129,Flss,Rojas,frojas3k@prlog.org,166,75,89
130,Beryl,Asbury,basbury3l@csmonitor.com,122,54,84
131,Alfy,Succamore,asuccamore3m@usgs.gov,172,66,70
132,Arlyne,Wiggall,awiggall3n@mtv.com,107,61,89
133,Danita,Garoghan,dgaroghan3o@last.fm,137,56,75
134,Kendre,Jecock,kjecock3p@odnoklassniki.ru,179,59,63
135,Barris,Decent,bdecent3q@imageshack.us,121,32,69
136,Farley,Kilner,fkilner3r@tripod.com,113,58,61
137,Nerita,Lardeux,nlardeux3s@liveinternet.ru,116,70,60
138,Porty,Bousquet,pbousquet3t@oracle.com,153,75,68
139,Zenia,FitzGilbert,zfitzgilbert3u@ustream.tv,157,59,61
140,Kandy,Vasyushkhin,kvasyushkhin3v@craigslist.org,146,52,84
141,Dorelle,Peotz,dpeotz3w@cloudflare.com,166,47,83
142,Cody,Hussell,chussell3x@instagram.com,134,77,73
143,Petronille,Goodband,pgoodband3y@fema.gov,109,41,82
144,Edan,Larkin,elarkin3z@theatlantic.com,140,68,84
145,Selie,McIlherran,smcilherran40@delicious.com,140,57,89
146,Feliza,Gallemore,fgallemore41@opera.com,125,76,71
147,Olympe,Helliker,ohelliker42@walmart.com,110,63,85
148,Dorella,Brehat,dbrehat43@businessweek.com,164,52,77
149,Ring,Patrone,rpatrone44@hexun.com,113,32,84
150,Matthew,Buttress,mbuttress45@chronoengine.com,141,76,61
151,Cecelia,Bridgeland,cbridgeland46@ebay.com,123,40,78
152,Alec,Laybourne,alaybourne47@businessweek.com,152,64,87
153,Thekla,Lodo,tlodo48@t.co,129,56,65
154,Uri,Nicol,unicol49@msn.com,171,72,63
155,Sigismundo,Reynard,sreynard4a@blinklist.com,127,77,75
156,Lezlie,Rockliffe,lrockliffe4b@apple.com,121,52,60
157,Sandra,Pervew,spervew4c@yellowbook.com,116,74,81
158,Anastasie,Baugh,abaugh4d@ucoz.ru,176,53,60
159,Pembroke,Choppin,pchoppin4e@51.la,121,62,90
160,Modesty,Merchant,mmerchant4f@symantec.com,126,48,84
161,Marieann,Butland,mbutland4g@craigslist.org,180,71,67
162,Iris,Quidenham,iquidenham4h@sakura.ne.jp,144,62,66
163,Jeane,Covotti,jcovotti4i@moonfruit.com,158,67,68
164,Kassandra,Kitchen,kkitchen4j@shutterfly.com,106,76,71
165,Berni,Clemon,bclemon4k@goo.gl,129,80,66
166,Val,Gobbett,vgobbett4l@rambler.ru,149,69,61
167,Ronnica,Bohlsen,rbohlsen4m@paginegialle.it,142,26,85
168,Seumas,Urch,surch4n@fda.gov,152,47,69
169,Keir,Tourner,ktourner4o@wikipedia.org,137,66,61
170,Conan,Curuclis,ccuruclis4p@ycombinator.com,160,49,77
171,Adelina,Patel,apatel4q@weebly.com,172,80,73
172,Loralie,Connikie,lconnikie4r@ocn.ne.jp,177,47,73
173,Faith,Deverill,fdeverill4s@de.vu,153,68,66
174,Brenn,Gotobed,bgotobed4t@reddit.com,155,65,72
175,Shannon,Dinjes,sdinjes4u@weibo.com,166,79,73
176,Georgy,Donovin,gdonovin4v@blog.com,117,46,72
177,Gerardo,Kevane,gkevane4w@ed.gov,175,30,67
178,Teodora,Iddison,tiddison4x@facebook.com,102,39,88
179,Josefina,Gytesham,jgytesham4y@4shared.com,103,75,86
180,Kahaleel,Kahler,kkahler4z@biblegateway.com,173,64,88
181,Joshua,Kuhne,jkuhne50@mayoclinic.com,132,70,63
182,Michale,Catt,mcatt51@nih.gov,174,34,61
183,Dore,Hassett,dhassett52@purevolume.com,174,36,81
184,Pacorro,Antoniak,pantoniak53@e-recht24.de,168,67,63
185,Garrott,Strelitzki,gstrelitzki54@earthlink.net,163,74,70
186,Marta,Bolens,mbolens55@uiuc.edu,115,63,74
187,Walton,Portal,wportal56@marketwatch.com,180,25,75
188,Cathryn,Canty,ccanty57@flavors.me,163,28,69
189,Wye,Gedling,wgedling58@google.pl,159,23,64
190,Simona,Pestridge,spestridge59@topsy.com,154,67,85
191,Livvie,Burgon,lburgon5a@dailymotion.com,113,20,66
192,Verla,Darlison,vdarlison5b@nationalgeographic.com,158,65,66
193,Pasquale,Sharphouse,psharphouse5c@huffingtonpost.com,135,23,71
194,Jonathan,McIlmorie,jmcilmorie5d@rambler.ru,161,76,60
195,Cris,Feasby,cfeasby5e@last.fm,178,64,71
196,Fitz,Beel,fbeel5f@apache.org,117,72,86
197,Gerhardt,Domenico,gdomenico5g@wikia.com,140,45,77
198,Dov,Harbertson,dharbertson5h@mediafire.com,110,39,78
199,Gustavus,Behnen,gbehnen5i@telegraph.co.uk,155,80,70
200,Scarlett,Banister,sbanister5j@stanford.edu,146,66,62
